<?xml version="1.0" encoding="UTF-8"?>
<project-private xmlns="http://www.netbeans.org/ns/project-private/1">
    <editor-bookmarks xmlns="http://www.netbeans.org/ns/editor-bookmarks/2" lastBookmarkId="0"/>
    <open-files xmlns="http://www.netbeans.org/ns/projectui-open-files/2">
        <group>
            <file>file:/C:/Users/Estudiante/Documents/ProjectoAula/src/principal/model/infrestruturas/Repositories/AsignaturaRepository.java</file>
            <file>file:/C:/Users/Estudiante/Documents/ProjectoAula/nbproject/project.xml</file>
            <file>file:/C:/Users/Estudiante/Documents/ProjectoAula/src/projectoaula/Vista/Comenrtario.java</file>
            <file>file:/C:/Users/Estudiante/Documents/ProjectoAula/src/principal/ProjectoAula.java</file>
            <file>file:/C:/Users/Estudiante/Documents/ProjectoAula/src/projectoaula/Vista/login.java</file>
            <file>file:/C:/Users/Estudiante/Documents/ProjectoAula/src/principal/model/administrador.java</file>
            <file>file:/C:/Users/Estudiante/Documents/ProjectoAula/src/principal/model/Asignatura.java</file>
            <file>file:/C:/Users/Estudiante/Documents/ProjectoAula/src/principal/model/Estudiante.java</file>
            <file>file:/C:/Users/Estudiante/Documents/ProjectoAula/src/projectoaula/Vista/Asignaturas.java</file>
            <file>file:/C:/Users/Estudiante/Documents/ProjectoAula/src/principal/model/business/interfaces/Repositories/IAsignaturaRepository.java</file>
            <file>file:/C:/Users/Estudiante/Documents/ProjectoAula/src/projectoaula/Vista/AdminiStrator.java</file>
            <file>file:/C:/Users/Estudiante/Documents/ProjectoAula/src/principal/model/ComenTario.java</file>
        </group>
    </open-files>
</project-private>
